SNO,Row Labels,Count of SKU7_CODE,Sum of NET_SALES_WEIGHT_IN_KGS,PARTY_HLL_CODE,Lat,lng,SERVICING PLG,"Det,D+F",FNB,HUL,PP,Bills
0,Branch,0,0,Branch,12.948201,77.532007,,0,0,0,0,0
1,GSV37678,9,19.175,HUL-431007D-PAR0011,12.91765817,77.54692096,DETS,1,0,0,0,1
2,GSV37679,9,49.9,HUL-431007D-PAR1233,12.91749004,77.55067901,DETS,1,0,0,0,1
3,GSV37680,28,159.1,HUL-431611D-P21774,12.91740059,77.54683619,DETS,1,0,0,0,1
4,GSV37681,12,50.39,HUL-431611D-P31119,12.91942833,77.54495,DETS,1,0,0,0,1
5,GSV37682,12,28.854,HUL-431611D-P32631,12.91731333,77.54645166,DETS,1,0,0,0,1
6,GSV37683,21,69.969,HUL-431611D-P32817,12.91718842,77.54673917,DETS,1,0,0,0,1
7,GSV37684,15,23.435,HUL-431611D-P32998,12.92219333,77.54490833,DETS,1,0,0,0,1
8,GSV37685,24,48.26,HUL-431611D-P33743,12.917738,77.5466847,DETS,1,0,0,0,1
9,GSV37686,15,45.64,HUL-431611D-P33818,12.9142422,77.5468391,DETS,1,0,0,0,1
10,GSV37687,10,219.3,KN56008553084,12.92119,77.54521833,DETS,1,0,0,0,1
11,GSV37688,10,43.36,HUL-431611D-P36556,12.91915954,77.54688749,DETS,1,0,0,0,1
12,GSV37689,9,6.47,HUL-431007D-P27032,12.91944488,77.54496095,DETS,1,0,0,0,1
13,GSV37690,5,7.08,HUL-431007D-P35256,12.92270147,77.54527971,DETS,1,0,0,0,1
14,GSV37691,37,381.55,HUL-431007D-PAR1397,12.9229887,77.5407226,DETS,1,0,0,0,1
15,GSV37692,30,29.717,HUL-431007D-PAR2516,12.92274049,77.54104882,DETS,1,0,0,0,1
16,GSV37693,45,82.099,HUL-431611D-P19087,12.92270797,77.54604541,DETS,1,0,0,0,1
17,GSV37694,11,159.06,HUL-431036D-P8769,12.92619166,77.54198166,DETS,1,0,0,0,1
18,GSV37695,27,30.982,HUL-431611D-P31270,12.92013125,77.53914808,DETS,1,0,0,0,1
19,GSV37696,8,4.215,HUL-431007D-P21125,12.92043166,77.54173,DETS,1,0,0,0,1
20,GSV37697,26,103.976,HUL-431611D-P17414,12.91962935,77.54113774,DETS,1,0,0,0,1
21,GSV37698,1,6,HUL-431611D-P36984,12.9227841,77.54030269,DETS,1,0,0,0,1
22,GSV37699,4,28.7,HUL-431007D-P21738,12.92497244,77.54197189,DETS,1,0,0,0,1
23,GSV37700,12,15.675,HUL-431007D-P24098,12.9221782,77.5419,DETS,1,0,0,0,1
24,GSV37701,2,6,HUL-431007D-P27035,12.92271185,77.54523812,DETS,1,0,0,0,1
25,GSV37702,20,35.462,HUL-431007D-P33128,12.92494815,77.54251717,DETS,1,0,0,0,1
26,GSV37703,12,9.599,HUL-431007D-P35728,12.90380521,77.50737393,D+F,1,0,0,0,1
27,GSV37704,13,5.255,HUL-431007D-P36727,12.90306824,77.5218193,D+F,1,0,0,0,1
28,GSV37705,2,0.55,HUL-431007D-PAR1513,12.91309433,77.52074553,D+F,1,0,0,0,1
29,GSV37706,9,3.165,HUL-431611D-P18903,12.902811,77.5212309,D+F,1,0,0,0,1
30,GSV37707,10,3.94,HUL-431611D-P18979,12.9032517,77.5165812,D+F,1,0,0,0,1
31,GSV37708,11,4.735,HUL-431611D-P33904,12.9030193,77.5213212,D+F,1,0,0,0,1
32,GSV37709,2,0.6,HUL-431611D-P35414,12.90286251,77.52153217,D+F,1,0,0,0,1
33,GSV37710,11,3.454,HUL-431611D-P36301,12.902548,77.5197414,D+F,1,0,0,0,1
34,GSV37711,1,6,HUL-431007D-P24904,12.91092351,77.52091416,D+F,1,0,0,0,1
35,GSV37712,12,21.325,HUL-431007D-P33773,12.92471499,77.54396,DETS,1,0,0,0,1
36,GSV37713,23,55.046,HUL-431007D-PAR0023,12.92791833,77.54609166,DETS,1,0,0,0,1
37,GSV37714,25,73.721,HUL-431007D-PAR0707,12.92601045,77.54442932,DETS,1,0,0,0,1
38,GSV37715,12,28.98,HUL-431007D-PAR0720,12.92565126,77.5443209,DETS,1,0,0,0,1
39,GSV37716,29,41.554,HUL-431007D-PAR0728,12.9238916,77.546784,DETS,1,0,0,0,1
40,GSV37717,14,29.35,HUL-431007D-PAR0758,12.92384779,77.5435837,DETS,1,0,0,0,1
41,GSV37718,7,7.74,HUL-431007D-PAR0973,12.92370666,77.54668166,DETS,1,0,0,0,1
42,GSV37719,1,6,HUL-431007D-PAR0975,12.92181775,77.54347441,DETS,1,0,0,0,1
43,GSV37720,4,0.993,HUL-431007D-PAR1425,12.92423833,77.54711333,DETS,1,0,0,0,1
44,GSV37721,5,150.7,HUL-431007D-PAR2026,12.92021556,77.54277698,DETS,1,0,0,0,1
45,GSV37722,1,1.2,HUL-431007D-PAR2500,12.92313175,77.54354833,DETS,1,0,0,0,1
46,GSV37723,9,4.665,HUL-431611D-P19227,12.92363241,77.54535678,DETS,1,0,0,0,1
47,GSV37724,35,297.749,HUL-431611D-P21799,12.92212066,77.54338591,DETS,1,0,0,0,1
48,GSV37725,1,0.07,HUL-431611D-P21844,12.96032131,77.48678825,DETS,1,0,0,0,1
49,GSV37726,34,68.344,HUL-431611D-P32616,12.92183877,77.54337707,DETS,1,0,0,0,1
50,GSV37727,7,13.14,HUL-431611D-P32968,12.92324986,77.54667931,DETS,1,0,0,0,1
51,GSV37728,12,92.8,HUL-431611D-P35014,12.9200122,77.54253623,DETS,1,0,0,0,1
52,GSV37729,18,37.034,HUL-431007D-P24107,12.92262966,77.54387152,DETS,1,0,0,0,1
53,GSV37730,4,34.5,HUL-431007D-PAR0868,12.9294191,77.53674654,DETS,1,0,0,0,1
54,GSV37731,17,124.521,HUL-431007D-PAR1051,12.92944092,77.53676225,DETS,1,0,0,0,1
55,GSV37732,12,126.99,KN56000203734,12.92959369,77.53871237,DETS,1,0,0,0,1
56,GSV37733,17,94.59,HUL-431007D-PAR1185,12.9299489,77.53928474,DETS,1,0,0,0,1
57,GSV37734,13,15.273,HUL-431007D-PAR1433,12.92817346,77.53862085,DETS,1,0,0,0,1
58,GSV37735,20,124.575,HUL-431007D-PAR1811,12.9292851,77.5361036,DETS,1,0,0,0,1
59,GSV37736,36,104.235,HUL-431611D-P18027,12.92929612,77.54055393,DETS,1,0,0,0,1
60,GSV37737,26,25.125,HUL-431611D-P21749,12.92797333,77.53960333,DETS,1,0,0,0,1
61,GSV37738,25,107.683,HUL-431611D-P21869,12.9286834,77.5388149,DETS,1,0,0,0,1
62,GSV37739,24,640.429,HUL-431007D-P18626,12.92970325,77.53788548,DETS,1,0,0,0,1
63,GSV37740,2,21.3,HUL-431136D-P7788,12.92946514,77.53627272,DETS,1,0,0,0,1
64,GSV37741,10,9.58,HUL-431611D-P31430,12.9297914,77.5399512,DETS,1,0,0,0,1
65,GSV37742,11,141.174,HUL-431611D-P33773,12.928845,77.53902666,DETS,1,0,0,0,1
66,GSV37743,1,5,HUL-431007D-P25349,12.96126967,77.50169123,DETS,1,0,0,0,1
67,GSV37744,22,138.232,HUL-431007D-P21119,12.92828833,77.53875666,DETS,1,0,0,0,1
68,GSV37745,19,18.042,HUL-431007D-P21122,12.929305,77.53964333,DETS,1,0,0,0,1
69,GSV37746,4,12.58,HUL-431007D-PAR1761,12.95859072,77.50106068,DETS,1,0,0,0,1
70,GSV37747,11,45.7,HUL-431611D-P35214,12.9256972,77.5379843,DETS,1,0,0,0,1
71,GSV37748,6,15.655,HUL-431007D-P24326,12.9289255,77.539221,DETS,1,0,0,0,1
72,GSV37749,4,2.37,HUL-431007D-P36121,12.93172701,77.53696599,DETS,1,0,0,0,1
73,GSV37750,20,37.133,HUL-431007D-PAR0214,12.93315708,77.53957061,DETS,1,0,0,0,1
74,GSV37751,66,233.397,HUL-431007D-PAR0838,12.93111481,77.53832616,DETS,1,0,0,0,1
75,GSV37752,30,111.761,HUL-431007D-PAR1125,12.93177391,77.54048197,DETS,1,0,0,0,1
76,GSV37753,71,60.2,HUL-431007D-PAR1293,12.93082999,77.54010333,DETS,1,0,0,0,1
77,GSV37754,35,106.037,HUL-431007D-PAR1704,12.93415599,77.53664524,DETS,1,0,0,0,1
78,GSV37755,28,43.61,HUL-431611D-P23659,12.9313242,77.5371315,DETS,1,0,0,0,1
79,GSV37756,12,40.72,HUL-431611D-P25909,12.93861553,77.53683798,DETS,1,0,0,0,1
80,GSV37757,16,74.303,HUL-431611D-P33725,12.9361731,77.5397741,DETS,1,0,0,0,1
81,GSV37758,1,10.8,HUL-431611D-P33945,12.9293451,77.535313,DETS,1,0,0,0,1
82,GSV37759,31,46.043,HUL-431611D-P35249,12.938748,77.5355993,DETS,1,0,0,0,1
83,GSV37760,15,7.816,HUL-431611D-P36056,12.93364666,77.52831666,DETS,1,0,0,0,1
84,GSV37761,3,4.112,HUL-431611D-P36621,12.9318669,77.5332743,DETS,1,0,0,0,1
85,GSV37762,14,75.501,HUL-431611D-P37239,12.93070486,77.54180757,DETS,1,0,0,0,1
86,GSV37763,8,3.625,HUL-431007D-PAR0410,12.91957625,77.54164508,D+F,1,0,0,0,1
87,GSV37764,10,2.137,HUL-431007D-PAR1282,12.92247088,77.54409564,D+F,1,0,0,0,1
88,GSV37765,7,3,HUL-431036D-P9069,12.9194147,77.5421131,D+F,1,0,0,0,1
89,GSV37766,4,0.7,HUL-431611D-P33657,12.91337333,77.5387,D+F,1,0,0,0,1
90,GSV37767,4,2.898,HUL-431007D-P20975,12.93490433,77.48447143,D+F,1,0,0,0,1
91,GSV37768,37,9.96,HUL-431007D-P35449,12.92196931,77.5453235,D+F,1,0,0,0,1
92,GSV37769,10,3.49,HUL-431611D-P36651,12.9035449,77.5306072,D+F,1,0,0,0,1
93,GSV37770,22,14.327,HUL-431007D-P24984,12.91983189,77.54602932,D+F,1,0,0,0,1
94,GSV37771,11,7.325,HUL-431007D-P26597,12.91342382,77.53907558,D+F,1,0,0,0,1
95,GSV37772,10,8.765,HUL-431007D-P26651,12.9120815,77.5462476,D+F,1,0,0,0,1
96,GSV37773,16,8.05,HUL-431116P291_1,12.91673654,77.54302525,D+F,1,0,0,0,1
97,GSV37774,4,2.864,HUL-431007D-PAR0259,12.91480589,77.48543647,FNB,0,1,0,0,1
98,GSV37775,6,1.2,HUL-431007D-PAR0201,12.91129397,77.48318174,FNB,0,1,0,0,1
99,GSV37776,8,57.95,HUL-431007D-PAR0312,12.91172106,77.48316075,FNB,0,1,0,0,1
100,GSV37777,7,137,HUL-431007D-PAR1609,12.91248043,77.48399156,FNB,0,1,0,0,1
101,GSV37778,8,53.534,HUL-431007D-PAR1030,12.91130158,77.48222413,FNB,0,1,0,0,1
102,GSV37779,9,6.917,HUL-431007D-PAR1991,12.91169552,77.48314721,FNB,0,1,0,0,1
103,GSV37780,8,19.475,HUL-431007D-PAR1648,12.91214515,77.48324891,FNB,0,1,0,0,1
104,GSV37781,15,13.171,HUL-431007D-PAR1721,12.91164277,77.48320239,FNB,0,1,0,0,1
105,GSV37782,3,2.84,HUL-431007D-PAR2384,12.91106573,77.48285223,FNB,0,1,0,0,1
106,GSV37783,13,65.879,HUL-431007D-PAR2530,12.91223266,77.48583611,FNB,0,1,0,0,1
107,GSV37784,2,0.6,HUL-431007P-PAR2597,12.91314238,77.48462141,FNB,0,1,0,0,1
108,GSV37785,6,9.6,HUL-431329D-KNP178,12.91189811,77.48320731,FNB,0,1,0,0,1
109,GSV37786,9,14.581,HUL-431329D-P151,12.91201544,77.48322616,FNB,0,1,0,0,1
110,GSV37787,2,2.2,HUL-431036D-P8061,12.9115887,77.4831673,FNB,0,1,0,0,1
111,GSV37788,3,0.4,HUL-431611D-P30857,12.9148364,77.4853706,FNB,0,1,0,0,1
112,GSV37789,34,73.603,HUL-431007D-P35348,12.94381337,77.51971296,DETS,1,0,0,0,1
113,GSV37790,24,24.642,HUL-431085801,12.9426812,77.5218008,DETS,1,0,0,0,1
114,GSV37791,13,6.892,HUL-431085P2200,12.94622333,77.52209737,DETS,1,0,0,0,1
115,GSV37792,17,26.983,HUL-431007D-PAR0649,12.94360326,77.52205202,DETS,1,0,0,0,1
116,GSV37793,5,28.513,HUL-431007D-PAR0788,12.9437538,77.5219614,DETS,1,0,0,0,1
117,GSV37794,4,4.65,HUL-431007D-PAR1170,12.92914363,77.51096922,DETS,1,0,0,0,1
118,GSV37795,16,69.876,HUL-431007D-PAR2399,12.94577754,77.52463403,DETS,1,0,0,0,1
119,GSV37796,14,107.098,HUL-431611D-P17321,12.94431895,77.52441305,DETS,1,0,0,0,1
120,GSV37797,12,11.326,HUL-431611D-P26249,12.9438643,77.5199333,DETS,1,0,0,0,1
121,GSV37798,8,8.965,HUL-431611D-P30913,12.94577363,77.52438687,DETS,1,0,0,0,1
122,GSV37799,5,1.233,HUL-431611D-P30918,12.94494618,77.52012453,DETS,1,0,0,0,1
123,GSV37800,2,2.82,HUL-431611D-P31523,12.92975714,77.51093564,DETS,1,0,0,0,1
124,GSV37801,46,313.018,HUL-431611D-P33208,12.94514556,77.52008694,DETS,1,0,0,0,1
125,GSV37802,15,15.303,HUL-431611D-P36471,12.9455821,77.5247507,DETS,1,0,0,0,1
126,GSV37803,31,84.36,HUL-431611D-P36911,12.94435857,77.52296099,DETS,1,0,0,0,1
127,GSV37804,17,23.886,HUL-431611D-P37264,12.9441266,77.52043271,DETS,1,0,0,0,1
128,GSV37805,29,28.871,HUL-431611D-P37664,12.9444562,77.5195066,DETS,1,0,0,0,1
129,GSV37806,32,50.102,HUL-431007D-P24276,12.9429332,77.5198416,DETS,1,0,0,0,1
130,GSV37807,14,4.088,HUL-431007D-P24279,12.94499328,77.52208801,DETS,1,0,0,0,1
131,GSV37808,17,29.796,HUL-431007D-P30976,12.9445882,77.5214749,DETS,1,0,0,0,1
132,GSV37809,1,0.2,HUL-431007D-P31117,12.97010306,77.50870209,DETS,1,0,0,0,1
133,GSV37810,14,22.026,HUL-431007D-P33854,12.92882673,77.54726428,DETS,1,0,0,0,1
134,GSV37811,17,44.51,HUL-431007D-PAR0167,12.92373881,77.55145751,DETS,1,0,0,0,1
135,GSV37812,12,56.645,HUL-431007D-PAR0955,12.92305412,77.55291637,DETS,1,0,0,0,1
136,GSV37813,13,9.53,HUL-431007D-PAR1037,12.9345271,77.5435215,DETS,1,0,0,0,1
137,GSV37814,20,37.3,HUL-431007D-PAR1138,12.92521037,77.54965844,DETS,1,0,0,0,1
138,GSV37815,45,63.508,HUL-431007D-PAR1203,12.92302499,77.54895833,DETS,1,0,0,0,1
139,GSV37816,28,27.093,HUL-431007D-PAR1258,12.92379699,77.54879003,DETS,1,0,0,0,1
140,GSV37817,5,14.24,HUL-431007D-PAR1275,12.9221049,77.5509257,DETS,1,0,0,0,1
141,GSV37818,38,90.386,HUL-431007D-PAR1296,12.9222092,77.5503435,DETS,1,0,0,0,1
142,GSV37819,10,9.152,HUL-431007D-PAR1458,12.9213551,77.5481276,DETS,1,0,0,0,1
143,GSV37820,18,60.89,HUL-431007D-PAR1486,12.9225021,77.5527618,DETS,1,0,0,0,1
144,GSV37821,42,133.005,HUL-431007D-PAR1526,12.92287357,77.54888348,DETS,1,0,0,0,1
145,GSV37822,25,39.283,HUL-431007D-PAR1780,12.9228973,77.5487014,DETS,1,0,0,0,1
146,GSV37823,17,15.954,HUL-431007D-PAR2018,12.9215413,77.5522804,DETS,1,0,0,0,1
147,GSV37824,1,10.8,HUL-431611D-P17297,12.9214625,77.5484106,DETS,1,0,0,0,1
148,GSV37825,8,7.409,HUL-431611D-P33154,12.9235403,77.5495821,DETS,1,0,0,0,1
149,GSV37826,5,5.928,HUL-431007D-P20972,12.92187999,77.55216666,DETS,1,0,0,0,1
150,GSV37827,9,11.14,HUL-431611D-P18555,12.92311949,77.54829584,DETS,1,0,0,0,1
151,GSV37828,8,5.245,HUL-431611D-P37259,12.92293046,77.55320856,DETS,1,0,0,0,1
152,GSV37829,11,9.14,HUL-431611D-P37284,12.92464917,77.54989856,DETS,1,0,0,0,1
153,GSV37830,14,59.728,HUL-431007D-P24934,12.9222131,77.5503066,DETS,1,0,0,0,1
154,GSV37831,44,63.004,HUL-431611D-P32676,12.91523158,77.54246069,DETS,1,0,0,0,1
155,GSV37832,89,97.016,HUL-431007D-P33505,12.93881257,77.52993137,DETS,1,0,0,0,1
156,GSV37833,2,0.225,HUL-431007D-P35644,12.94425917,77.53169123,DETS,1,0,0,0,1
157,GSV37834,34,70.834,HUL-431007D-PAR0748,12.94899978,77.53674918,DETS,1,0,0,0,1
158,GSV37835,14,26.199,HUL-431007D-PAR0977,12.93399968,77.53704803,DETS,1,0,0,0,1
159,GSV37836,2,24,HUL-431007D-PAR1919,12.95507947,77.53458765,DETS,1,0,0,0,1
160,GSV37837,35,41.265,HUL-431611D-P19824,12.9468675,77.53502628,DETS,1,0,0,0,1
161,GSV37838,5,7.164,HUL-431611D-P24059,12.93915441,77.53170924,DETS,1,0,0,0,1
162,GSV37839,21,74.04,HUL-431611D-P30892,12.95225118,77.53433459,DETS,1,0,0,0,1
163,GSV37840,14,14.041,HUL-431611D-P31059,12.93436006,77.53766216,DETS,1,0,0,0,1
164,GSV37841,2,2.064,HUL-431611D-P34974,12.94896494,77.53620916,DETS,1,0,0,0,1
165,GSV37842,9,13.426,HUL-431611D-P35079,12.93286486,77.53703594,DETS,1,0,0,0,1
166,GSV37843,19,59.842,HUL-431007D-P22484,12.93714929,77.52836371,DETS,1,0,0,0,1
167,GSV37844,27,20.9,HUL-431007D-P24461,12.94720032,77.53575385,DETS,1,0,0,0,1
168,GSV37845,1,1.1,HUL-431611D-P31523,12.92975714,77.51093564,FNB,0,1,0,0,1
169,GSV37846,13,13.93,HUL-431007D-PAR0276,12.9074941,77.4176561,FNB,0,1,0,0,1
170,GSV37847,16,78.456,HUL-431036D-P6894,12.90939,77.3957798,FNB,0,1,0,0,1
171,GSV37848,12,41.823,HUL-431036D-P7889,12.91016727,77.39609879,FNB,0,1,0,0,1
172,GSV37849,2,31,HUL-431007D-P24782,12.92121833,77.39574833,FNB,0,1,0,0,1
173,GSV37850,11,162.489,HUL-431007D-PAR0857,12.89619333,77.45369833,FNB,0,1,0,0,1
174,GSV37851,11,6.245,HUL-431611D-P32646,12.90361833,77.438055,FNB,0,1,0,0,1
175,GSV37852,7,69.232,HUL-431611D-P33057,12.91336,77.394395,FNB,0,1,0,0,1
176,GSV37853,3,26.75,HUL-431611D-P33159,12.88956954,77.43762221,FNB,0,1,0,0,1
177,GSV37854,1,125,HUL-431611D-P34225,12.90374363,77.43841124,FNB,0,1,0,0,1
178,GSV37855,13,12.13,HUL-431611D-P34245,12.910245,77.39582666,FNB,0,1,0,0,1
179,GSV37856,9,62.4,HUL-431611D-P34335,12.91039,77.45026166,FNB,0,1,0,0,1
180,GSV37857,13,9.726,HUL-431611D-P31200,12.88752943,77.44423677,FNB,0,1,0,0,1
181,GSV37858,3,2.1,HUL-431611D-P34613,12.90977,77.39438833,FNB,0,1,0,0,1
182,GSV37859,6,34.45,HUL-431611D-P35074,12.88463333,77.442575,FNB,0,1,0,0,1
183,GSV37860,18,36.913,HUL-431611D-P35320,12.907245,77.41928333,FNB,0,1,0,0,1
184,GSV37861,10,50.874,HUL-431611D-P35496,12.902215,77.43053666,FNB,0,1,0,0,1
185,GSV37862,9,36.656,HUL-431611D-P37173,12.89390972,77.45621282,FNB,0,1,0,0,1
186,GSV37863,25,62.843,HUL-431611D-P37228,12.89997487,77.48279461,FNB,0,1,0,0,1
187,GSV37864,14,11.696,HUL-431611D-P37304,12.90762298,77.41705502,FNB,0,1,0,0,1
188,GSV37865,17,174.136,HUL-431007D-PAR0217,12.92498166,77.485635,FNB,0,1,0,0,1
189,GSV37866,8,36.103,HUL-431007D-PAR0139,12.92232999,77.48191333,FNB,0,1,0,0,1
190,GSV37867,7,3.965,HUL-431007D-PAR0449,12.9281109,77.4864171,FNB,0,1,0,0,1
191,GSV37868,31,53.994,HUL-431007D-PAR2432,12.92579373,77.48334917,FNB,0,1,0,0,1
192,GSV37869,9,31.317,HUL-431329D-KNP162,12.9255944,77.482883,FNB,0,1,0,0,1
193,GSV37870,19,75.856,HUL-431036D-P6963,12.92414203,77.48258604,FNB,0,1,0,0,1
194,GSV37871,19,364.217,HUL-431036D-P7038,12.93045461,77.49221033,FNB,0,1,0,0,1
195,GSV37872,18,10.826,HUL-431611D-P32802,12.9216363,77.4823355,FNB,0,1,0,0,1
196,GSV37873,14,59.555,HUL-431611D-P34255,12.9186513,77.4806116,FNB,0,1,0,0,1
197,GSV37874,11,3.585,HUL-431611D-P34510,12.92592666,77.48271,FNB,0,1,0,0,1
198,GSV37875,5,2.257,HUL-431611D-P35466,12.91955501,77.47707235,FNB,0,1,0,0,1
199,GSV37876,14,12.938,HUL-431611D-P35861,12.92940951,77.48447268,FNB,0,1,0,0,1
200,GSV37877,33,31.463,HUL-431611D-P36661,12.9184152,77.480528,FNB,0,1,0,0,1
201,GSV37878,24,115.983,HUL-431007D-PAR1196,12.91096486,77.48365264,FNB,0,1,0,0,1
202,GSV37879,2,3.05,HUL-431007D-PAR1340,12.91008546,77.48271814,FNB,0,1,0,0,1
203,GSV37880,10,55.853,HUL-431007D-PAR1386,12.90968931,77.48346182,FNB,0,1,0,0,1
204,GSV37881,7,26.183,HUL-431007D-PAR1620,12.90833333,77.48284833,FNB,0,1,0,0,1
205,GSV37882,13,277.069,HUL-431007D-PAR1680,12.91052759,77.48218955,FNB,0,1,0,0,1
206,GSV37883,10,68.762,HUL-431007D-PAR1680,12.91052759,77.48218955,FNB,0,1,0,0,1
207,GSV37884,11,33.27,HUL-431007D-PAR1859,12.90808162,77.50003138,FNB,0,1,0,0,1
208,GSV37885,9,28.214,HUL-431007D-PAR2531,12.9068264,77.48248,FNB,0,1,0,0,1
209,GSV37886,2,1,HUL-431007P-PAR2490,12.91092218,77.4837792,FNB,0,1,0,0,1
210,GSV37887,11,29.006,HUL-431329D-KNP122,12.91132278,77.48380206,FNB,0,1,0,0,1
211,GSV37888,14,40.617,HUL-431036D-P7208,12.89988043,77.48477814,FNB,0,1,0,0,1
212,GSV37889,12,293.857,HUL-431007D-PAR1680,12.91052759,77.48218955,FNB,0,1,0,0,1
213,GSV37890,9,28.183,HUL-431611D-P31516,12.903805,77.48783499,FNB,0,1,0,0,1
214,GSV37891,27,180.567,HUL-431611D-P19291,12.90307144,77.4874521,FNB,0,1,0,0,1
215,GSV37892,6,27.344,HUL-431611D-P34180,12.90165166,77.48496666,FNB,0,1,0,0,1
216,GSV37893,24,12.11,HUL-431611D-P36811,12.90357066,77.48759795,FNB,0,1,0,0,1
217,GSV37894,13,43.489,HUL-431611D-P37649,12.9126612,77.480554,FNB,0,1,0,0,1
218,GSV37895,5,5.451,HUL-431007D-P24267,12.89923638,77.48676926,FNB,0,1,0,0,1
219,GSV37896,12,84.65,HUL-431611D-P18763,12.87665,77.480595,FNB,0,1,0,0,1
220,GSV37897,1,2,HUL-431007D-PAR2276,12.8851802,77.48498245,FNB,0,1,0,0,1
221,GSV37898,4,27.634,HUL-431611D-P24634,12.85259316,77.464459,FNB,0,1,0,0,1
222,GSV37899,4,49.282,HUL-431007D-PAR2240,12.88274166,77.48592,FNB,0,1,0,0,1
223,GSV37900,2,432,HUL-431036D-P9154,12.86875384,77.45118204,FNB,0,1,0,0,1
224,GSV37901,1,30,HUL-431036D-P-4315,12.88175333,77.484905,FNB,0,1,0,0,1
225,GSV37902,4,32.317,HUL-431036D-P8205,12.87584,77.479795,FNB,0,1,0,0,1
226,GSV37903,5,37.217,HUL-431611D-P33037,12.84387955,77.45157678,FNB,0,1,0,0,1
227,GSV37904,2,36,HUL-431611D-P33098,12.83219834,77.45065929,FNB,0,1,0,0,1
228,GSV37905,8,37.764,HUL-431611D-P33632,12.87094166,77.45036,FNB,0,1,0,0,1
229,GSV37906,19,195.707,HUL-431611D-P33687,12.83184499,77.450955,FNB,0,1,0,0,1
230,GSV37907,2,1.317,HUL-431611D-P33879,12.86576166,77.45511666,FNB,0,1,0,0,1
231,GSV37908,9,9.1,HUL-431611D-P33940,12.88368372,77.48471203,FNB,0,1,0,0,1
232,GSV37909,9,114.099,HUL-431611D-P35244,12.86437538,77.4564404,FNB,0,1,0,0,1
233,GSV37910,6,51.081,HUL-431611D-P37163,12.88301042,77.44824711,FNB,0,1,0,0,1
234,GSV37911,4,2.407,HUL-431011D-MKG917,12.9128988,77.4735135,FNB,0,1,0,0,1
235,GSV37912,13,9.744,HUL-431611D-P24389,12.91285791,77.47369518,FNB,0,1,0,0,1
236,GSV37913,31,235.152,HUL-431611D-P25584,12.9124999,77.4802203,FNB,0,1,0,0,1
237,GSV37914,3,1.66,HUL-431007D-PAR1034,12.89903825,77.46602735,FNB,0,1,0,0,1
238,GSV37915,5,128.757,HUL-431036D-P6805,12.90116443,77.46676558,FNB,0,1,0,0,1
239,GSV37916,29,93.489,HUL-431007D-PAR0326,12.91609727,77.4796801,FNB,0,1,0,0,1
240,GSV37917,3,1.757,HUL-431007D-PAR1182,12.89979505,77.4669993,FNB,0,1,0,0,1
241,GSV37918,28,79.902,HUL-431007D-PAR1536,12.91591512,77.47986212,FNB,0,1,0,0,1
242,GSV37919,3,1.96,HUL-431007P-PAR1239,12.9122115,77.4757606,FNB,0,1,0,0,1
243,GSV37920,2,1.337,HUL-431611D-P31350,12.91230845,77.47530948,FNB,0,1,0,0,1
244,GSV37921,22,67.075,HUL-431611D-P31452,12.9027664,77.47623885,FNB,0,1,0,0,1
245,GSV37922,19,26.426,HUL-431611D-P33550,12.92042201,77.4784258,FNB,0,1,0,0,1
246,GSV37923,19,19.458,HUL-431611D-P36631,12.91795799,77.47690045,FNB,0,1,0,0,1
247,GSV37924,28,15.213,HUL-431611D-P37105,12.91278945,77.47381223,FNB,0,1,0,0,1
248,GSV37925,4,3.106,HUL-431611D-P37223,12.91272438,77.47396651,FNB,0,1,0,0,1
249,GSV37926,9,47.179,HUL-431007D-PAR0108,12.90754443,77.41785459,FNB,0,1,0,0,1
250,GSV37927,20,94.483,HUL-431007D-PAR0762,12.89189985,77.45749558,FNB,0,1,0,0,1
251,GSV37928,17,55.122,HUL-431007D-PAR0783,12.89238287,77.45446594,FNB,0,1,0,0,1
252,GSV37929,17,46.187,HUL-431007D-PAR1202,12.89028936,77.4548132,FNB,0,1,0,0,1
253,GSV37930,11,5.955,HUL-431007D-PAR2526,12.89282668,77.45446816,FNB,0,1,0,0,1
254,GSV37931,10,31.876,HUL-431036D-P8959,12.89303843,77.45804304,FNB,0,1,0,0,1
255,GSV37932,6,7.533,HUL-431007D-PAR1568,12.89169333,77.45734833,FNB,0,1,0,0,1
256,GSV37933,6,3.508,HUL-431036D-P8779,12.87194114,77.46174555,FNB,0,1,0,0,1
257,GSV37934,9,3.331,HUL-431611D-P33345,12.87815275,77.45868824,FNB,0,1,0,0,1
258,GSV37935,10,27.724,HUL-431611D-P35164,12.89044399,77.45873626,FNB,0,1,0,0,1
259,GSV37936,3,0.503,HUL-431611D-P35756,12.89151666,77.460735,FNB,0,1,0,0,1
260,GSV37937,3,2.39,HUL-431007D-PAR0539,12.95797628,77.50194259,FNB,0,1,0,0,1
261,GSV37938,5,77.317,HUL-431007D-PAR1842,12.87964166,77.44640833,FNB,0,1,0,0,1
262,GSV37939,3,1.974,HUL-431611D-P19799,12.879033,77.44535563,FNB,0,1,0,0,1
263,GSV37940,29,214.26,HUL-431007D-PAR1092,12.84093776,77.48620607,FNB,0,1,0,0,1
264,GSV37941,13,494.342,HUL-431007D-PAR1706,12.87908354,77.44620339,FNB,0,1,0,0,1
265,GSV37942,4,26.213,HUL-431007D-PAR2305,12.87912332,77.44531932,FNB,0,1,0,0,1
266,GSV37943,5,67.5,HUL-431036D-P7965,12.87809462,77.44490426,FNB,0,1,0,0,1
267,GSV37944,8,41.784,HUL-431007D-PAR2177,12.87900038,77.44605338,FNB,0,1,0,0,1
268,GSV37945,17,589.994,HUL-431036D-P-4221,12.90962333,77.48315333,FNB,0,1,0,0,1
269,GSV37946,2,0.373,HUL-431611D-P34553,12.87736557,77.44605812,FNB,0,1,0,0,1
270,GSV37947,7,38.973,HUL-431611D-P36133,12.87959499,77.44554666,FNB,0,1,0,0,1
271,GSV37948,1,0.5,HUL-431011D-MKG910,12.97297833,77.51475333,FNB,0,1,0,0,1
272,GSV37949,10,258.616,HUL-431007D-PAR1166,12.92818724,77.49095672,FNB,0,1,0,0,1
273,GSV37950,14,13.808,HUL-431007D-PAR1939,12.93151869,77.48770791,FNB,0,1,0,0,1
274,GSV37951,11,13.918,HUL-431329D-KNP152,12.93151254,77.48993583,FNB,0,1,0,0,1
275,GSV37952,11,64.726,KN56009860982,12.93165833,77.48786666,FNB,0,1,0,0,1
276,GSV37953,19,65.409,HUL-431036D-P7017,12.93567588,77.49187452,FNB,0,1,0,0,1
277,GSV37954,3,2.57,HUL-431036D-P8381,12.93132079,77.48998279,FNB,0,1,0,0,1
278,GSV37955,2,5.84,HUL-431611D-P30624,12.92786536,77.49052776,FNB,0,1,0,0,1
279,GSV37956,8,29.366,HUL-431611D-P31335,12.93070075,77.48858778,FNB,0,1,0,0,1
280,GSV37957,2,1.5,HUL-431036D-P8929,12.9319304,77.4881976,FNB,0,1,0,0,1
281,GSV37958,6,2.269,HUL-431611D-P33143,12.93069885,77.4987233,FNB,0,1,0,0,1
282,GSV37959,2,250,HUL-431611D-P34395,12.93445488,77.4933617,FNB,0,1,0,0,1
283,GSV37960,8,3.386,HUL-431611D-P35139,12.93607283,77.49782064,FNB,0,1,0,0,1
284,GSV37961,1,1.5,HUL-431611D-P37158,12.93154817,77.49758424,FNB,0,1,0,0,1
285,GSV37962,4,2.317,HUL-431611D-P37279,12.931383,77.49003969,FNB,0,1,0,0,1
286,GSV37963,15,8.732,HUL-431611D-P23724,12.977725,77.53686166,HUL,0,0,1,0,1
287,GSV37964,14,6.415,HUL-431611D-P25984,12.96957497,77.53384611,HUL,0,0,1,0,1
288,GSV37965,10,6.369,HUL-431611D-P26829,12.96910833,77.53568333,HUL,0,0,1,0,1
289,GSV37966,11,3.498,HUL-431611D-P28414,12.97716333,77.53667166,HUL,0,0,1,0,1
290,GSV37967,2,0.135,HUL-431611D-P34558,12.976595,77.522605,HUL,0,0,1,0,1
291,GSV37968,3,0.75,HUL-431611D-P36969,12.96940643,77.54522574,HUL,0,0,1,0,1
292,GSV37969,34,101.2,HUL-431611D-P37344,12.9756928,77.5359403,HUL,0,0,1,0,1
293,GSV37970,1,0.317,HUL-431007D-P23895,12.97974162,77.53775775,HUL,0,0,1,0,1
294,GSV37971,8,0.728,HUL-431007D-P35760,12.95846809,77.53663674,HUL,0,0,1,0,1
295,GSV37972,19,14.265,HUL-431007D-PAR2082,12.95851139,77.53653677,HUL,0,0,1,0,1
296,GSV37973,11,7.4,HUL-431611D-P22124,12.9584497,77.5392698,HUL,0,0,1,0,1
297,GSV37974,15,6.349,HUL-431611D-P22779,12.9598865,77.5403902,HUL,0,0,1,0,1
298,GSV37975,4,2.821,HUL-431611D-P25684,12.9716605,77.5427939,HUL,0,0,1,0,1
299,GSV37976,28,10.685,HUL-431611D-P25724,12.9579496,77.5374451,HUL,0,0,1,0,1
300,GSV37977,23,12.094,HUL-431611D-P25994,12.9598116,77.5404285,HUL,0,0,1,0,1
301,GSV37978,11,7.482,HUL-431611D-P26174,12.9583719,77.5388783,HUL,0,0,1,0,1
302,GSV37979,9,4.371,HUL-431611D-P26284,12.97229166,77.54408833,HUL,0,0,1,0,1
303,GSV37980,3,1.575,HUL-431611D-P26439,12.9582831,77.5352192,HUL,0,0,1,0,1
304,GSV37981,4,4.166,HUL-431611D-P27589,12.97070333,77.54220666,HUL,0,0,1,0,1
305,GSV37982,3,3.77,HUL-431611D-P28919,12.9585442,77.5392065,HUL,0,0,1,0,1
306,GSV37983,1,1.2,HUL-431611D-P28949,12.9663556,77.5434638,HUL,0,0,1,0,1
307,GSV37984,5,4.375,HUL-431007D-P21287,12.96782699,77.54513882,HUL,0,0,1,0,1
308,GSV37985,19,65.926,HUL-431422P2137,12.9675832,77.5466464,HUL,0,0,1,0,1
309,GSV37986,1,3,HUL-431007D-P33195,12.96750229,77.5414806,HUL,0,0,1,0,1
310,GSV37987,30,3.674,HUL-431611D-P19894,12.95850628,77.52572402,HUL,0,0,1,0,1
311,GSV37988,7,1.23,HUL-431611D-P22334,12.9572052,77.531151,HUL,0,0,1,0,1
312,GSV37989,10,1.49,HUL-431611D-P22729,12.9529646,77.5367246,HUL,0,0,1,0,1
313,GSV37990,5,9.27,HUL-431611D-P22749,12.952205,77.53451,HUL,0,0,1,0,1
314,GSV37991,4,1.282,HUL-431611D-P24969,12.95871666,77.52382333,HUL,0,0,1,0,1
315,GSV37992,1,1.2,HUL-431611D-P25254,12.94979499,77.537225,HUL,0,0,1,0,1
316,GSV37993,17,10.524,HUL-431611D-P26429,12.9575254,77.5286661,HUL,0,0,1,0,1
317,GSV37994,9,3.882,HUL-431611D-P28984,12.95250999,77.53604666,HUL,0,0,1,0,1
318,GSV37995,3,1.56,HUL-431611D-P33950,12.9579634,77.5322494,HUL,0,0,1,0,1
319,GSV37996,9,0.66,HUL-431611D-P34875,12.95901999,77.52424833,HUL,0,0,1,0,1
320,GSV37997,21,8.212,HUL-431611D-P36731,12.9520984,77.534996,HUL,0,0,1,0,1
321,GSV37998,5,0.736,HUL-431007D-P27149,12.9570241,77.5325222,HUL,0,0,1,0,1
322,GSV37999,11,1.948,HUL-431007D-P33505,12.93881257,77.52993137,PP,0,0,0,1,1
323,GSV38000,1,0,HUL-431611D-P21844,12.96032131,77.48678825,PP,0,0,0,1,1
324,GSV38001,6,0.971,HUL-431007D-PAR3471,12.95657738,77.49339582,PP,0,0,0,1,1
325,GSV38003,8,0.741,HUL-431611D-P30958,12.97813333,77.50147,PP,0,0,0,1,1
326,GSV38004,13,3.251,HUL-431007D-PAR2108,12.97781057,77.50546953,PP,0,0,0,1,1
327,GSV38005,11,177.94,HUL-431611D-P35259,12.96131235,77.48836344,PP,0,0,0,1,1
328,GSV38006,6,0.56,HUL-431611D-P37198,12.9577775,77.48857463,PP,0,0,0,1,1
329,GSV38007,1,5.76,HUL-431007D-P25214,12.9543816,77.4940728,PP,0,0,0,1,1
330,GSV38008,11,1.112,HUL-431007D-P27170,12.95774607,77.51873727,PP,0,0,0,1,1
331,GSV38009,7,1.473,HUL-431007D-PAR0458,12.9583893,77.48141086,PP,0,0,0,1,1
332,GSV38010,2,1,HUL-431611D-P18299,12.95835131,77.47802218,PP,0,0,0,1,1
333,GSV38011,2,0.552,HUL-431611D-P18303,12.95583747,77.47981356,PP,0,0,0,1,1
334,GSV38012,31,2.796,HUL-431611D-P30787,12.94025602,77.47892318,PP,0,0,0,1,1
335,GSV38013,16,1.702,HUL-431611D-P30872,12.93817715,77.47993224,PP,0,0,0,1,1
336,GSV38014,15,2.538,HUL-431036D-P1101,12.93794508,77.481308,PP,0,0,0,1,1
337,GSV38015,21,17.308,HUL-431611D-P18563,12.93851,77.47793499,PP,0,0,0,1,1
338,GSV38016,7,1.296,HUL-431611D-P18807,12.94218612,77.47408518,PP,0,0,0,1,1
339,GSV38017,1,0.6,HUL-431036D-P9019,12.94099189,77.4768117,PP,0,0,0,1,1
340,GSV38018,2,1,HUL-431611D-P26624,12.94498155,77.47492074,PP,0,0,0,1,1
341,GSV38019,13,0.76,HUL-431611D-P34751,12.94397351,77.46786059,PP,0,0,0,1,1
342,GSV38020,10,0.599,HUL-431611D-P35541,12.94570283,77.47303152,PP,0,0,0,1,1
343,GSV38021,15,0.956,HUL-431611D-P35576,12.9456561,77.46844529,PP,0,0,0,1,1
344,GSV38022,32,1.835,HUL-431611D-P37434,12.95405,77.46876,PP,0,0,0,1,1
345,GSV38023,2,0.08,HUL-431611D-P37594,12.95012,77.48442,PP,0,0,0,1,1
346,GSV38024,8,1.433,HUL-431611D-P37699,12.9540498,77.4687631,PP,0,0,0,1,1
347,GSV38025,1,0.216,HUL-431007D-P24622,12.9384184,77.4789688,PP,0,0,0,1,1
348,GSV38026,11,8.485,HUL-431007D-21301,12.9814172,77.5345789,PP,0,0,0,1,1
349,GSV38027,13,2.165,HUL-431007D-P36250,12.9807927,77.5319731,PP,0,0,0,1,1
350,GSV38028,23,3.603,HUL-431011D-MKG874,12.97779666,77.53118166,PP,0,0,0,1,1
351,GSV38029,27,6.416,HUL-431011D-MKG939,12.97830161,77.53422476,PP,0,0,0,1,1
352,GSV38030,29,5.114,HUL-431007D-PAR1280,12.8988971,77.5912738,PP,0,0,0,1,1
353,GSV38031,5,1.1,HUL-431007D-PAR2157,12.9741419,77.5289564,PP,0,0,0,1,1
354,GSV38032,32,8.299,KN56007960850_5,12.97896885,77.53410762,PP,0,0,0,1,1
355,GSV38033,95,16.955,HUL-431007D-P23937,12.97652913,77.53067276,PP,0,0,0,1,1
356,GSV38034,8,1.584,HUL-431011D-MKG890,12.97981841,77.53235494,PP,0,0,0,1,1
357,GSV38035,1,0.96,HUL-431007D-PAR2068,12.97057438,77.52356154,PP,0,0,0,1,1
358,GSV38036,1,5.76,HUL-431136F-P1367,12.9694641,77.5223518,PP,0,0,0,1,1
359,GSV38037,18,2.91,HUL-431007D-PAR0833,12.97108566,77.52115302,PP,0,0,0,1,1
360,GSV38038,11,3.757,HUL-431007D-P36755,12.96650766,77.51713856,PP,0,0,0,1,1
361,GSV38039,6,3.912,HUL-431611D-P33725,12.9361731,77.5397741,PP,0,0,0,1,1
362,GSV38040,8,1.094,HUL-431611D-P34952,12.97474105,77.51975215,PP,0,0,0,1,1
363,GSV38041,11,2.935,HUL-431611D-P35436,12.9673868,77.5238086,PP,0,0,0,1,1
364,GSV38042,9,8.185,HUL-431007D-P21727,12.96590658,77.52167162,PP,0,0,0,1,1
365,GSV38043,6,1.395,HUL-431007D-P26723,12.9682992,77.5212575,PP,0,0,0,1,1
366,GSV38044,7,1.24,HUL-431611D-P18295,12.95268156,77.48402012,PP,0,0,0,1,1
367,GSV38045,2,0.26,HUL-431611D-P18815,12.95026718,77.47591211,PP,0,0,0,1,1
368,GSV38046,7,6.344,HUL-431329F-P418,12.94261698,77.49011222,PP,0,0,0,1,1
369,GSV38047,8,2.023,HUL-431036D-P6859,12.9421149,77.4906087,PP,0,0,0,1,1
370,GSV38048,2,1.145,HUL-431611D-P34957,12.94222579,77.48631378,PP,0,0,0,1,1
371,GSV38049,6,13.142,HUL-431611D-P35876,12.95271662,77.48426403,PP,0,0,0,1,1
372,GSV38050,19,5.289,HUL-431007D-PAR1166,12.92818724,77.49095672,PP,0,0,0,1,1
373,GSV38051,3,0.366,HUL-431611D-P24434,12.92495,77.49857833,PP,0,0,0,1,1
374,GSV38052,24,4.761,HUL-431007D-PAR0440,12.9259432,77.4875544,PP,0,0,0,1,1
375,GSV38053,27,8.43,HUL-431007D-PAR0806,12.92250796,77.48555461,PP,0,0,0,1,1
376,GSV38054,11,0.728,HUL-431007D-PAR2060,12.92734666,77.49221333,PP,0,0,0,1,1
377,GSV38055,10,8.285,KN56006060959,12.92315323,77.48590874,PP,0,0,0,1,1
378,GSV38056,5,0.38,HUL-431007D-PAR2330,12.9164285,77.48182408,PP,0,0,0,1,1
379,GSV38057,11,2.286,HUL-431036D-P6829,12.92235323,77.48588371,PP,0,0,0,1,1
380,GSV38058,3,0.341,HUL-431036D-P6897,12.92247764,77.48416665,PP,0,0,0,1,1
381,GSV38059,2,0.366,HUL-431036D-P6975,12.92850699,77.48917613,PP,0,0,0,1,1
382,GSV38060,3,0.341,HUL-431036D-P7277,12.925315,77.49313833,PP,0,0,0,1,1
383,GSV38061,6,0.978,HUL-431611D-P36686,12.9280382,77.487929,PP,0,0,0,1,1
384,GSV38062,25,6.547,HUL-431611D-P36836,12.9222552,77.48613107,PP,0,0,0,1,1
385,GSV38063,2,0.276,HUL-431611D-P36906,12.91458239,77.47941074,PP,0,0,0,1,1
386,GSV38064,1,0.216,HUL-431611D-P36954,12.92892575,77.49301534,PP,0,0,0,1,1
387,GSV38065,6,36.471,HUL-431007D-PAR0050,12.96939933,77.52445022,PP,0,0,0,1,1
388,GSV38066,17,5.863,HUL-431007D-PAR0331,12.9666695,77.5304661,PP,0,0,0,1,1
389,GSV38067,14,1.114,HUL-431007D-PAR0782,12.96964192,77.52469251,PP,0,0,0,1,1
390,GSV38068,19,3.651,HUL-431007D-PAR1181,12.96884255,77.52470211,PP,0,0,0,1,1
391,GSV38069,33,11.804,HUL-431007D-PAR1681,12.96838387,77.52615128,PP,0,0,0,1,1
392,GSV38070,9,3.143,HUL-431007D-PAR1791,12.9685223,77.5305873,PP,0,0,0,1,1
393,GSV38071,13,5.49,HUL-431611D-P19099,12.96854738,77.52492726,PP,0,0,0,1,1
394,GSV38072,13,1.193,HUL-431007D-P22432,12.97021632,77.52464356,PP,0,0,0,1,1
395,GSV38073,9,1.093,HUL-431007D-P25115,12.96870696,77.53045378,PP,0,0,0,1,1
396,GSV38074,60,12.124,HUL-431007D-P26897,12.9680825,77.5302252,PP,0,0,0,1,1
397,GSV38075,20,12.124,HUL-431329D-P152,12.93594666,77.49219,PP,0,0,0,1,1
398,GSV38076,1,0.3,KN56009860982,12.93165833,77.48786666,PP,0,0,0,1,1
399,GSV38077,33,15.183,HUL-431036D-P7017,12.93567588,77.49187452,PP,0,0,0,1,1
400,GSV38078,54,16.704,HUL-431036D-P7017,12.93567588,77.49187452,PP,0,0,0,1,1
401,GSV38079,9,2.857,HUL-431611D-P30584,12.93098739,77.49927259,PP,0,0,0,1,1
402,GSV38080,3,0.372,HUL-431611D-P31230,12.9385643,77.49480909,PP,0,0,0,1,1
403,GSV38081,25,4.702,HUL-431611D-P31310,12.93664499,77.49088,PP,0,0,0,1,1
404,GSV38082,6,1.5,HUL-431611D-P31335,12.93070075,77.48858778,PP,0,0,0,1,1
405,GSV38083,3,0.528,HUL-431611D-P33143,12.93069885,77.4987233,PP,0,0,0,1,1
406,GSV38084,6,1.74,HUL-431611D-P34395,12.93445488,77.4933617,PP,0,0,0,1,1
407,GSV38085,3,0.62,HUL-431611D-P34880,12.93846128,77.49526253,PP,0,0,0,1,1
408,GSV38086,10,1.652,HUL-431611D-P37269,12.93587406,77.49223982,PP,0,0,0,1,1
409,GSV38087,34,7.493,HUL-431007D-P24634,12.93883439,77.49317895,PP,0,0,0,1,1
410,GSV38088,17,2.413,HUL-431007D-P33845,12.97713094,77.53345434,PP,0,0,0,1,1
411,GSV38089,19,6.969,HUL-431007D-P36162,12.97737612,77.53363113,PP,0,0,0,1,1
412,GSV38090,9,2.727,HUL-431007D-P36178,12.97449333,77.53355333,PP,0,0,0,1,1
413,GSV38091,11,2.352,HUL-431007D-PAR0025,12.9735046,77.5371325,PP,0,0,0,1,1
414,GSV38092,21,3.326,HUL-431007D-PAR0341,12.97356943,77.53784049,PP,0,0,0,1,1
415,GSV38093,10,2.866,HUL-431611D-P18983,12.9787469,77.5364709,PP,0,0,0,1,1
416,GSV38094,2,3.725,HUL-431036D-P-4089,12.97623659,77.53408829,PP,0,0,0,1,1
417,GSV38095,10,1.718,HUL-431611D-P35224,12.97409833,77.53498666,PP,0,0,0,1,1
418,GSV38096,14,2.583,HUL-431611D-P37178,12.97551781,77.53387152,PP,0,0,0,1,1
419,GSV38097,4,6.916,HUL-431007D-P22155,12.97867727,77.53659146,PP,0,0,0,1,1
420,GSV38098,13,6.549,HUL-431007D-P22267,12.97601666,77.53267,PP,0,0,0,1,1
421,GSV38099,10,2.056,HUL-431422P1602,12.97594235,77.53330608,PP,0,0,0,1,1
422,GSV38100,7,0.482,HUL-431007D-PAR1710,12.98017871,77.50977964,PP,0,0,0,1,1
423,GSV38101,5,1.135,HUL-431611D-P19503,12.9797884,77.5098966,PP,0,0,0,1,1
424,GSV38102,8,1.361,HUL-431611D-P20064,12.97725243,77.50572,PP,0,0,0,1,1
425,GSV38103,10,1.14,HUL-431611D-P30782,12.98003166,77.51134666,PP,0,0,0,1,1
426,GSV38104,7,1.168,HUL-431007D-PAR0688,12.9818389,77.50638777,PP,0,0,0,1,1
427,GSV38105,6,3.374,HUL-431611D-P34235,12.97941499,77.511775,PP,0,0,0,1,1
428,GSV38106,7,2.339,HUL-431611D-P34250,12.97528833,77.506855,PP,0,0,0,1,1
429,GSV38107,2,5.856,HUL-431007D-P24870,12.9809978,77.5063969,PP,0,0,0,1,1
430,GSV38108,26,10.363,HUL-431007D-P24870,12.9809978,77.5063969,PP,0,0,0,1,1
431,GSV38109,5,0.598,HUL-431007D-P25172,12.9799041,77.5086422,PP,0,0,0,1,1
432,GSV38110,15,5.61,HUL-431007D-P25175,12.9791959,77.5067579,PP,0,0,0,1,1
433,GSV38111,2,0.3,HUL-431007D-PAR0148,12.9228497,77.5096278,PP,0,0,0,1,1
434,GSV38112,8,0.78,HUL-431007D-PAR0252,12.9168773,77.5175123,PP,0,0,0,1,1
435,GSV38113,2,1.02,HUL-431007D-PAR0347,12.92251612,77.51521097,PP,0,0,0,1,1
436,GSV38114,3,0.39,HUL-431611D-P18499,12.92265407,77.50962374,PP,0,0,0,1,1
437,GSV38115,4,0.29,HUL-431611D-P19523,12.92220779,77.5088681,PP,0,0,0,1,1
438,GSV38116,8,1.363,HUL-431611D-P26604,12.91978631,77.51217359,PP,0,0,0,1,1
439,GSV38117,7,0.949,HUL-431036D-P-4191,12.92047717,77.51419101,PP,0,0,0,1,1
440,GSV38118,35,10.418,HUL-431611D-P31295,12.92016872,77.51592264,PP,0,0,0,1,1
441,GSV38119,4,0.306,HUL-431611D-P33642,12.920211,77.51373461,PP,0,0,0,1,1
442,GSV38120,4,0.169,HUL-431611D-P33677,12.92154615,77.51500825,PP,0,0,0,1,1
443,GSV38121,9,0.726,HUL-431007D-P20957,12.919315,77.508698,PP,0,0,0,1,1
444,GSV38122,6,1.23,HUL-431611D-P37193,12.91782806,77.51322555,PP,0,0,0,1,1
445,GSV38123,6,1.036,HUL-431007D-P26648,12.92256997,77.50974684,PP,0,0,0,1,1
446,GSV38124,1,5.76,HUL-431007D-P35244,12.96919493,77.522786,PP,0,0,0,1,1
447,GSV38125,10,1.932,HUL-431007D-PAR0431,12.9674559,77.5158995,PP,0,0,0,1,1
448,GSV38126,13,8.807,HUL-431007D-PAR2165,12.96944553,77.52196932,PP,0,0,0,1,1
449,GSV38127,19,4.142,HUL-431611D-P18359,12.96982327,77.52266497,PP,0,0,0,1,1
450,GSV38128,4,2.69,HUL-431611D-P18959,12.96873662,77.51908483,PP,0,0,0,1,1
451,GSV38129,2,0.6,HUL-431611D-P20074,12.9688108,77.5191338,PP,0,0,0,1,1
452,GSV38130,6,0.47,HUL-431611D-P20074,12.9688108,77.5191338,PP,0,0,0,1,1
453,GSV38131,4,23.748,HUL-431136F-P1302,12.96841909,77.52113224,PP,0,0,0,1,1
454,GSV38132,6,1.075,HUL-431611D-P28844,12.96841166,77.520865,PP,0,0,0,1,1
455,GSV38133,14,2.42,HUL-431611D-P30659,12.96803833,77.52114833,PP,0,0,0,1,1
456,GSV38134,14,9.307,HUL-431611D-P33600,12.96943763,77.52351736,PP,0,0,0,1,1
457,GSV38135,28,9.816,HUL-431611D-P33647,12.9692732,77.515979,PP,0,0,0,1,1
458,GSV38136,7,0.424,HUL-431611D-P33647,12.9692732,77.515979,PP,0,0,0,1,1
459,GSV38137,4,6.976,HUL-431611D-P37060,12.96772143,77.52206917,PP,0,0,0,1,1
460,GSV38138,9,0.832,HUL-431007D-PAR0003,12.95189166,77.49942166,PP,0,0,0,1,1
461,GSV38139,32,10.189,HUL-431007D-PAR0213,12.95141666,77.49261833,PP,0,0,0,1,1
462,GSV38140,8,1.616,HUL-431007D-PAR0497,12.95098315,77.49279468,PP,0,0,0,1,1
463,GSV38141,18,7.846,HUL-431007D-PAR0540,12.953415,77.499205,PP,0,0,0,1,1
464,GSV38142,8,1.232,HUL-431007D-PAR1393,12.95358399,77.50046635,PP,0,0,0,1,1
465,GSV38143,1,11.52,HUL-431007D-PAR1501,12.95131999,77.49548166,PP,0,0,0,1,1
466,GSV38144,32,21.181,HUL-431007D-PAR1561,12.95129166,77.49434166,PP,0,0,0,1,1
467,GSV38145,20,11.88,HUL-431007D-PAR1675,12.95140166,77.496275,PP,0,0,0,1,1
468,GSV38146,3,1.648,HUL-431611D-P17715,12.95181188,77.49732369,PP,0,0,0,1,1
469,GSV38147,3,1.013,HUL-431611D-P18851,12.95407489,77.50037914,PP,0,0,0,1,1
470,GSV38148,2,0.244,HUL-431611D-P32867,12.95027728,77.49083087,PP,0,0,0,1,1
471,GSV38149,6,0.76,HUL-431007D-P22642,12.95254144,77.49905939,PP,0,0,0,1,1
472,GSV38150,25,4.856,HUL-431007D-P33842,12.9708289,77.52403136,PP,0,0,0,1,1
473,GSV38151,2,1.6,HUL-431011P3008,12.97090999,77.52546255,PP,0,0,0,1,1
474,GSV38152,11,2.415,HUL-431007D-PAR0055,12.97393538,77.52316317,PP,0,0,0,1,1
475,GSV38153,18,5.035,HUL-431007D-PAR0245,12.97077045,77.52387264,PP,0,0,0,1,1
476,GSV38154,1,2.01,HUL-431007D-PAR0436,12.97064963,77.52414483,PP,0,0,0,1,1
477,GSV38155,48,14.699,HUL-431007D-PAR2037,12.9707904,77.52353901,PP,0,0,0,1,1
478,GSV38156,92,16.837,HUL-431611D-P31023,12.97111217,77.52481835,PP,0,0,0,1,1
479,GSV38157,13,3.759,HUL-431007D-PAR0112,12.971095,77.5228898,PP,0,0,0,1,1
480,GSV38158,26,4.466,HUL-431007D-PAR0112,12.971095,77.5228898,PP,0,0,0,1,1
481,GSV38159,17,3.51,HUL-431007D-PAR1541,13.8215909,75.0304481,PP,0,0,0,1,1
482,GSV38160,19,3.292,HUL-431611D-P19964,12.97474101,77.52033565,PP,0,0,0,1,1
483,GSV38161,5,1.206,HUL-431611D-P33435,12.97394499,77.52326166,PP,0,0,0,1,1
484,GSV38162,7,1.145,HUL-431611D-P34000,12.9703124,77.5218927,PP,0,0,0,1,1
485,GSV38163,21,4.338,HUL-431611D-P34588,12.97462949,77.52046077,PP,0,0,0,1,1
486,GSV38164,1,0.15,HUL-431611D-P35044,12.97216383,77.52195356,PP,0,0,0,1,1
487,GSV38165,5,1.216,HUL-431611D-P36173,12.970755,77.52186499,PP,0,0,0,1,1
488,GSV38166,7,1.606,HUL-431036D-P8839,12.97307166,77.52274833,PP,0,0,0,1,1
489,GSV38167,3,1.332,HUL-431007D-P22222,12.97083176,77.52258323,PP,0,0,0,1,1
490,GSV38168,14,2.133,HUL-431007D-P35804,12.9658986,77.50431936,PP,0,0,0,1,1
491,GSV38169,28,12.848,HUL-431007D-P36630,12.96724848,77.50313056,PP,0,0,0,1,1
492,GSV38170,42,14.743,HUL-431007D-PAR0030,12.95872329,77.50076096,PP,0,0,0,1,1
493,GSV38171,6,0.923,HUL-431007D-PAR0962,12.9676101,77.5026595,PP,0,0,0,1,1
494,GSV38172,24,5.447,HUL-431611D-P29079,12.9598024,77.4950198,PP,0,0,0,1,1
495,GSV38173,6,1.024,HUL-431007D-P24655,12.95946631,77.49984957,PP,0,0,0,1,1
496,GSV38174,21,3.885,HUL-431036D-P-4044,12.96644767,77.5010082,PP,0,0,0,1,1
497,GSV38175,4,0.92,HUL-431611D-P33610,12.9584063,77.4970044,PP,0,0,0,1,1
498,GSV38176,7,1.614,HUL-431611D-P34688,12.9591108,77.49917733,PP,0,0,0,1,1
499,GSV38177,21,2.595,HUL-431611D-P36801,12.9627503,77.4982348,PP,0,0,0,1,1
500,GSV38178,14,2.277,HUL-431611D-P37589,12.9680587,77.5025102,PP,0,0,0,1,1
501,GSV38179,26,9.432,HUL-431007D-P23966,12.9619664,77.4962018,PP,0,0,0,1,1
502,GSV38180,1,0.05,HUL-431007D-P31117,12.97010306,77.50870209,PP,0,0,0,1,1
503,GSV38181,21,10.941,HUL-431007D-P34693,12.97072327,77.50890698,PP,0,0,0,1,1
504,GSV38182,6,1.024,HUL-431007D-P35042,12.97146485,77.50806118,PP,0,0,0,1,1
505,GSV38183,1,2.88,HUL-431007D-P36711,12.97083763,77.50867228,PP,0,0,0,1,1
506,GSV38184,3,6.06,HUL-431007D-PAR0046,12.9721583,77.5075029,PP,0,0,0,1,1
507,GSV38185,6,1.636,HUL-431007D-PAR1542,12.96994253,77.509276,PP,0,0,0,1,1
508,GSV38186,8,2.081,HUL-431007D-PAR1936,12.97144948,77.50798695,PP,0,0,0,1,1
509,GSV38187,1,1.152,HUL-431611D-P20229,12.97591808,77.51168916,PP,0,0,0,1,1
510,GSV38188,15,3.302,HUL-431611D-P30639,12.97276666,77.50580833,PP,0,0,0,1,1
511,GSV38189,3,6.144,HUL-431611D-P31445,12.96796145,77.5018828,PP,0,0,0,1,1
512,GSV38190,3,1.152,HUL-431007D-PAR0903,12.9722343,77.5070294,PP,0,0,0,1,1
513,GSV38191,5,6.128,HUL-431611D-P34598,12.97238525,77.51123326,PP,0,0,0,1,1
514,GSV38192,8,0.744,HUL-431611D-P34628,12.9725024,77.5117711,PP,0,0,0,1,1
515,GSV38193,59,13.4,HUL-431611D-P37414,12.9766481,77.5124949,PP,0,0,0,1,1
516,GSV38194,49,7.783,HUL-431007D-P25178,12.9706383,77.5101723,PP,0,0,0,1,1
517,GSV38195,3,6.21,HUL-431007D-P31117,12.97010306,77.50870209,PP,0,0,0,1,1
518,GSV38196,3,0.582,HUL-4310851516,12.96404048,77.52140232,PP,0,0,0,1,1
519,GSV38197,8,4.1,HUL-431007D-PAR0204,12.96296503,77.52342948,PP,0,0,0,1,1
520,GSV38198,2,1.416,HUL-431007D-PAR1311,12.95728159,77.51876008,PP,0,0,0,1,1
521,GSV38199,15,2.818,HUL-431007D-PAR1444,12.9584948,77.5181359,PP,0,0,0,1,1
522,GSV38200,33,15.072,HUL-431007D-PAR1745,12.96197321,77.52243227,PP,0,0,0,1,1
523,GSV38201,11,11.416,HUL-431007D-PAR2132,12.96179957,77.52217704,PP,0,0,0,1,1
524,GSV38202,1,0.216,HUL-431611D-P26259,12.9610166,77.52310994,PP,0,0,0,1,1
525,GSV38203,1,0.216,HUL-431611D-P34840,12.96055957,77.52109714,PP,0,0,0,1,1
526,GSV38204,22,3.206,HUL-431611D-P37299,12.96225208,77.52058985,PP,0,0,0,1,1
527,GSV38205,7,0.411,HUL-431007D-P24239,12.9596377,77.5183853,PP,0,0,0,1,1
528,GSV38206,10,1.282,HUL-431011D-MKG930,12.95565543,77.51539027,PP,0,0,0,1,1
529,GSV38207,8,2.662,HUL-431007D-PAR0311,12.95718914,77.51581825,PP,0,0,0,1,1
530,GSV38208,17,3.492,HUL-431007D-PAR0414,12.9551717,77.5156434,PP,0,0,0,1,1
531,GSV38209,2,0.224,HUL-431007D-PAR1908,12.95564401,77.51676217,PP,0,0,0,1,1
532,GSV38210,8,2.135,HUL-431611D-P26599,12.9586487,77.5166216,PP,0,0,0,1,1
533,GSV38211,3,1.728,HUL-431007D-P25928,12.95949166,77.51362666,PP,0,0,0,1,1
534,GSV38212,27,4.497,HUL-431611D-P34205,12.95701666,77.51743833,PP,0,0,0,1,1
535,GSV38213,7,1.457,HUL-431611D-P34776,12.95759584,77.51600533,PP,0,0,0,1,1
536,GSV38214,8,2.704,HUL-431611D-P36949,12.9619801,77.51371084,PP,0,0,0,1,1
537,GSV38216,9,2.136,HUL-431007D-P24649,12.956945,77.51555166,PP,0,0,0,1,1
538,GSV38217,9,1.44,HUL-431007D-P26288,12.957113,77.5186105,PP,0,0,0,1,1
539,GSV38218,2,1.118,HUL-431007D-P35272,12.977535,77.5372,PP,0,0,0,1,1
540,GSV38219,4,0.286,HUL-431007D-PAR1278,12.96691333,77.53214166,PP,0,0,0,1,1
541,GSV38220,10,1.747,HUL-431611D-P19689,12.97907428,77.5340609,PP,0,0,0,1,1
542,GSV38221,8,2.067,HUL-431611D-P25934,12.97701715,77.53665256,PP,0,0,0,1,1
543,GSV38222,14,2.474,HUL-431007D-PAR2339,12.9756192,77.5359063,PP,0,0,0,1,1
544,GSV38223,10,1.99,HUL-431611D-P34325,12.97849166,77.53556833,PP,0,0,0,1,1
545,GSV38224,27,4.196,HUL-431611D-P37329,12.975181,77.5379408,PP,0,0,0,1,1
546,GSV38225,46,19.716,HUL-431611D-P37399,12.9494098,77.536086,PP,0,0,0,1,1
547,GSV38226,8,1.244,HUL-431007D-PAR1878,12.9450215,77.4914548,PP,0,0,0,1,1
548,GSV38227,13,2.907,HUL-431007P-PAR2462,12.94521685,77.49531414,PP,0,0,0,1,1
549,GSV38228,2,0.36,HUL-431329D-KNP68,12.9443297,77.4948877,PP,0,0,0,1,1
550,GSV38229,2,0.13,HUL-431329F-P055,12.97182934,77.48828268,PP,0,0,0,1,1
551,GSV38230,27,5.045,HUL-431467P1,12.9444328,77.493009,PP,0,0,0,1,1
552,GSV38231,5,1.124,HUL-431036D-P6999,12.94185495,77.49179007,PP,0,0,0,1,1
553,GSV38232,10,0.425,HUL-431036D-P8397,12.97032197,77.48308189,PP,0,0,0,1,1
554,GSV38233,10,2.18,HUL-431611D-P33702,12.94593471,77.49750905,PP,0,0,0,1,1
555,GSV38234,5,1.669,HUL-431611D-P34820,12.94188805,77.49431375,PP,0,0,0,1,1
556,GSV38235,13,2.861,HUL-431007D-P22533,12.94163592,77.49310327,PP,0,0,0,1,1
557,GSV38236,2,2.82,HUL-431007D-PAR0696,12.9176559,77.5483282,DETS,1,0,0,0,1
558,GSV38237,15,13.55,HUL-431007D-PAR1881,12.9132883,77.5432899,DETS,1,0,0,0,1
559,GSV38238,34,456.388,KN56008560985,12.92036131,77.54466224,DETS,1,0,0,0,1
560,GSV38239,1,0.1,HUL-431007D-PAR2383,12.9170967,77.5419547,DETS,1,0,0,0,1
561,GSV38240,11,15.872,HUL-431611D-P29044,12.91906878,77.54509105,DETS,1,0,0,0,1
562,GSV38241,9,9.625,HUL-431762D-P19511,12.91716685,77.54181383,DETS,1,0,0,0,1
563,GSV38242,4,17.48,HUL-431611D-P31300,12.91699823,77.54193677,DETS,1,0,0,0,1
564,GSV38243,32,96.061,HUL-431611D-P31375,12.90869832,77.53452345,DETS,1,0,0,0,1
565,GSV38244,5,13.46,HUL-431611D-P33995,12.90931462,77.53881936,DETS,1,0,0,0,1
566,GSV38245,16,53.94,HUL-431611D-P36446,12.90821,77.53140833,DETS,1,0,0,0,1
567,GSV38246,27,75.052,HUL-431611D-P36932,12.91965714,77.54552456,DETS,1,0,0,0,1
568,GSV38247,31,64.497,HUL-431007D-P23673,12.91503272,77.53979907,DETS,1,0,0,0,1
569,GSV38248,10,61.54,HUL-431007D-P25268,12.91740047,77.5426077,DETS,1,0,0,0,1